{
    "metadata": {
        "version": 3,
        "uvs": 0,
        "vertices": 30,
        "type": "Geometry",
        "materials": 4,
        "normals": 28,
        "faces": 38,
        "generator": "io_three"
    },
    "materials": [{
        "transparent": false,
        "colorSpecular": [0.5,0.5,0.5],
        "opacity": 1,
        "visible": true,
        "specularCoef": 50,
        "DbgColor": 15597568,
        "shading": "phong",
        "depthTest": true,
        "DbgName": "green",
        "colorEmissive": [0,0,0],
        "colorAmbient": [0,0.039639,0.000154],
        "colorDiffuse": [0,0.039639,0.000154],
        "blending": "NormalBlending",
        "depthWrite": true,
        "DbgIndex": 1,
        "wireframe": false
    },{
        "transparent": false,
        "opacity": 1,
        "visible": true,
        "DbgColor": 15658734,
        "shading": "lambert",
        "depthTest": true,
        "DbgName": "white",
        "colorEmissive": [0,0,0],
        "colorAmbient": [1,1,1],
        "colorDiffuse": [1,1,1],
        "blending": "NormalBlending",
        "depthWrite": true,
        "DbgIndex": 0,
        "wireframe": false
    },{
        "transparent": false,
        "opacity": 1,
        "visible": true,
        "DbgColor": 60928,
        "shading": "lambert",
        "depthTest": true,
        "DbgName": "brown",
        "colorEmissive": [0,0,0],
        "colorAmbient": [0.069712,0.008064,0],
        "colorDiffuse": [0.069712,0.008064,0],
        "blending": "NormalBlending",
        "depthWrite": true,
        "DbgIndex": 2,
        "wireframe": false
    },{
        "transparent": false,
        "opacity": 1,
        "visible": true,
        "DbgColor": 238,
        "shading": "lambert",
        "depthTest": true,
        "DbgName": "darkwhite",
        "colorEmissive": [0,0,0],
        "colorAmbient": [0.161239,0.410938,0.159619],
        "colorDiffuse": [0.161239,0.410938,0.159619],
        "blending": "NormalBlending",
        "depthWrite": true,
        "DbgIndex": 3,
        "wireframe": false
    }],
    "normals": [-0.553087,-0.338389,0.761284,0,1,0,-0.894925,-0.338389,-0.29078,0,-0.338389,-0.940977,0.894925,-0.338389,-0.29078,0.553087,-0.338389,0.761284,-0.792535,-0.439772,-0.422407,0.156804,-0.439772,-0.884274,0.889462,-0.439772,-0.124088,0.392895,-0.439772,0.807581,-0.646626,-0.439772,0.623218,0.00351,-0.588885,-0.808191,0.017182,0.646168,-0.762963,0.69454,0.628224,-0.350536,0.701254,-0.588855,-0.401776,0.686148,0.599689,0.411725,0.699484,-0.588061,0.405988,0.026337,0.600391,0.799249,0.001221,-0.587909,0.808893,-0.661702,0.622608,0.417707,-0.697592,-0.588275,0.408948,-0.644368,0.678793,-0.352123,-0.699301,-0.59096,-0.402081,-0.547075,-0.365673,0.752983,-0.885189,-0.365673,-0.287606,0,-0.365673,-0.930723,0.885189,-0.365673,-0.287606,0.547075,-0.365673,0.752983],
    "uvs": [],
    "vertices": [0.418474,14.7609,-12.7817,0.418474,31.4091,0.644013,13.1871,14.7609,-3.50476,8.30991,14.7609,11.5056,-7.47296,14.7609,11.5056,-12.3501,14.7609,-3.50476,10.3682,23.9269,-0.647359,-0.106895,48.1135,0.814271,4.52018,23.9269,10.325,-7.72229,23.9269,8.15386,-9.44054,23.9269,-4.16035,1.73999,23.9269,-9.5998,0.480724,0.157487,-2.73273,0.480724,16.7086,-1.8152,2.925,0.157487,-1.32153,2.12195,16.6239,-0.857889,2.925,0.157487,1.50088,2.10949,16.4989,1.03004,0.480724,0.157487,2.91208,0.480724,16.4779,1.96799,-1.96355,0.157487,1.50088,-1.15768,16.5956,1.03561,-1.96355,0.157487,-1.32153,-1.18846,16.9044,-0.874028,0.177356,19.119,-11.3502,0.177356,36.3347,0.605594,11.548,19.119,-3.08894,7.20477,19.119,10.278,-6.85006,19.119,10.278,-11.1932,19.119,-3.08894],
    "faces": [34,4,1,5,0,0,1,2,34,0,1,2,0,3,1,4,34,3,1,4,0,5,1,0,34,5,1,0,0,2,1,3,34,2,1,3,0,4,1,5,34,0,4,5,0,3,0,2,34,2,3,4,0,4,5,0,34,0,2,4,0,3,4,0,34,10,7,11,1,6,1,7,34,6,7,8,1,8,1,9,34,9,7,10,1,10,1,6,34,11,7,6,1,7,1,8,34,8,7,9,1,9,1,10,34,6,10,11,1,8,6,7,34,8,9,10,1,9,10,6,34,6,8,10,1,8,9,6,35,12,13,15,14,2,11,12,13,14,35,14,15,17,16,2,14,13,15,16,35,16,17,19,18,2,16,15,17,18,35,18,19,21,20,2,18,17,19,20,34,15,19,17,2,13,17,15,34,23,21,19,2,21,19,17,34,15,13,23,2,13,12,21,34,15,23,19,2,13,21,17,35,22,23,13,12,2,22,21,12,11,35,20,21,23,22,2,20,19,21,22,34,12,20,22,2,11,20,22,34,16,18,20,2,16,18,20,34,12,14,16,2,11,14,16,34,12,16,20,2,11,16,20,34,28,25,29,3,23,1,24,34,24,25,26,3,25,1,26,34,27,25,28,3,27,1,23,34,29,25,24,3,24,1,25,34,26,25,27,3,26,1,27,34,24,28,29,3,25,23,24,34,26,27,28,3,26,27,23,34,24,26,28,3,25,26,23],
    "name": "Cone.196Geometry"
}